domain,citation_count,query_count,platform_count
youtube.com,9868,3469,5
reddit.com,6595,2248,5
pmc.ncbi.nlm.nih.gov,2273,741,6
medium.com,2269,876,5
linkedin.com,2267,988,5
facebook.com,1488,914,5
en.wikipedia.org,1483,895,6
instagram.com,1091,682,4
mayoclinic.org,1045,280,5
investopedia.com,795,386,5
my.clevelandclinic.org,772,268,6
quora.com,745,470,2
sciencedirect.com,734,425,5
forbes.com,618,344,5
healthline.com,582,302,5
www.reddit.com,468,294,1
dev.to,454,188,6
webmd.com,425,216,5
nerdwallet.com,420,186,5
arxiv.org,390,152,6
cdc.gov,381,118,5
health.harvard.edu,354,174,5
fidelity.com,350,122,5
pubmed.ncbi.nlm.nih.gov,342,179,6
indeed.com,339,159,5
finance.yahoo.com,322,205,4
bankrate.com,316,137,5
github.com,297,116,6
schwab.com,280,93,5
geeksforgeeks.org,276,112,4
ncbi.nlm.nih.gov,256,171,5
nhs.uk,250,139,5
irs.gov,241,58,5
tiktok.com,231,183,2
researchgate.net,230,146,4
health.clevelandclinic.org,229,124,6
experian.com,227,82,5
hopkinsmedicine.org,216,131,5
britannica.com,210,170,5
coursera.org,199,100,5
nature.com,195,117,5
goodrx.com,189,107,5
mdpi.com,186,113,4
aws.amazon.com,186,59,5
cnbc.com,181,120,5
stackoverflow.com,178,80,5
psychologytoday.com,178,110,4
medicalnewstoday.com,169,115,5
medlineplus.gov,165,99,6
neo4j.com,162,5,5
